{"log_activity":{"item":"logactivity","table_label":"log activity","class_name":"LogActivity","primary_key":"id","field_delete_confirm_1":"id","field_delete_confirm_2":"","icon":"fas fa-pencil-alt","fields":{"id":"id","ip":"ip","date":"date","history":"history","id_user":"id user"}},"user":{"item":"user","table_label":"user","class_name":"User","primary_key":"id","field_delete_confirm_1":"id","field_delete_confirm_2":"","icon":"fas fa-pencil-alt","fields":{"id":"id","username":"username","password":"password","credit":"credit"}},"phpcg_users_profiles":{"item":"phpcgusersprofiles","table_label":"phpcg users profiles","class_name":"PhpcgUsersProfiles","primary_key":"ID","field_delete_confirm_1":"profile_name","field_delete_confirm_2":"","icon":null,"fields":{"ID":"ID","profile_name":"profile name","read_log_activity":"read log activity","update_log_activity":"update log activity","create_delete_log_activity":"create delete log activity","constraint_query_log_activity":"constraint query log activity","read_user":"read user","update_user":"update user","create_delete_user":"create delete user","constraint_query_user":"constraint query user","read_phpcg_users":"read phpcg users","update_phpcg_users":"update phpcg users","create_delete_phpcg_users":"create delete phpcg users","constraint_query_phpcg_users":"constraint query phpcg users","read_phpcg_users_profiles":"read phpcg users profiles","update_phpcg_users_profiles":"update phpcg users profiles","create_delete_phpcg_users_profiles":"create delete phpcg users profiles","constraint_query_phpcg_users_profiles":"constraint query phpcg users profiles"}},"phpcg_users":{"item":"phpcgusers","table_label":"phpcg users","class_name":"PhpcgUsers","primary_key":"ID","field_delete_confirm_1":"email","field_delete_confirm_2":"","icon":null,"fields":{"ID":"ID","profiles_ID":"Profile","name":"name","firstname":"firstname","address":"address","city":"city","zip_code":"zip code","email":"email","phone":"phone","mobile_phone":"mobile phone","password":"password","active":"active"}}}