{"id":{"from":"","from_table":"","from_value":"","from_field_1":"","from_field_2":"","custom_values":"","multiple":false},"ip":{"from":"","from_table":"","from_value":"","from_field_1":"","from_field_2":"","custom_values":"","multiple":false},"date":{"from":"","from_table":"","from_value":"","from_field_1":"","from_field_2":"","custom_values":"","multiple":false},"history":{"from":"","from_table":"","from_value":"","from_field_1":"","from_field_2":"","custom_values":"","multiple":false},"id_user":{"from":"","from_table":"","from_value":"","from_field_1":"","from_field_2":"","custom_values":"","multiple":false}}