[{"filter_mode":"simple","filter_A":"name","select_label":"Name","select_name":"name","option_text":"phpcg_users.name","fields":"phpcg_users.name","field_to_filter":"phpcg_users.name","from":"phpcg_users","from_table":"phpcg_users","join_tables":[],"join_queries":[],"type":"text","column":3},{"filter_mode":"simple","filter_A":"email","select_label":"Email","select_name":"email","option_text":"phpcg_users.email","fields":"phpcg_users.email","field_to_filter":"phpcg_users.email","from":"phpcg_users","from_table":"phpcg_users","join_tables":[],"join_queries":[],"type":"text","column":8},{"filter_mode":"simple","filter_A":"active","select_label":"Enabled","select_name":"active","option_text":"phpcg_users.active","fields":"phpcg_users.active","field_to_filter":"phpcg_users.active","from":"phpcg_users","from_table":"phpcg_users","join_tables":[],"join_queries":[],"type":"boolean","column":13}]