{"ID":{"from":"","from_table":"","from_value":"","from_field_1":"","from_field_2":"","custom_values":"","multiple":false},"profiles_ID":{"from":"from_table","from_table":"phpcg_users_profiles","from_value":"ID","from_field_1":"profile_name","from_field_2":"","custom_values":"","multiple":false},"name":{"from":"","from_table":"","from_value":"","from_field_1":"","from_field_2":"","custom_values":"","multiple":false},"firstname":{"from":"","from_table":"","from_value":"","from_field_1":"","from_field_2":"","custom_values":"","multiple":false},"address":{"from":"","from_table":"","from_value":"","from_field_1":"","from_field_2":"","custom_values":"","multiple":false},"city":{"from":"","from_table":"","from_value":"","from_field_1":"","from_field_2":"","custom_values":"","multiple":false},"zip_code":{"from":"","from_table":"","from_value":"","from_field_1":"","from_field_2":"","custom_values":"","multiple":false},"email":{"from":"","from_table":"","from_value":"","from_field_1":"","from_field_2":"","custom_values":"","multiple":false},"phone":{"from":"","from_table":"","from_value":"","from_field_1":"","from_field_2":"","custom_values":"","multiple":false},"mobile_phone":{"from":"","from_table":"","from_value":"","from_field_1":"","from_field_2":"","custom_values":"","multiple":false},"password":{"from":"","from_table":"","from_value":"","from_field_1":"","from_field_2":"","custom_values":"","multiple":false},"active":{"from":"","from_table":"","from_value":"","from_field_1":"","from_field_2":"","custom_values":"","multiple":false}}