{"ID":{"from":"","from_table":"","from_value":"","from_field_1":"","from_field_2":"","custom_values":"","multiple":false},"profile_name":{"from":"","from_table":"","from_value":"","from_field_1":"","from_field_2":"","custom_values":"","multiple":false},"read_log_activity":{"from":"custom_values","from_table":"","from_value":"","from_field_1":"","from_field_2":"","custom_values":{"Yes":2,"Restricted":1,"No":0},"multiple":false},"update_log_activity":{"from":"custom_values","from_table":"","from_value":"","from_field_1":"","from_field_2":"","custom_values":{"Yes":2,"Restricted":1,"No":0},"multiple":false},"create_delete_log_activity":{"from":"custom_values","from_table":"","from_value":"","from_field_1":"","from_field_2":"","custom_values":{"Yes":2,"Restricted":1,"No":0},"multiple":false},"constraint_query_log_activity":{"from":"","from_table":"","from_value":"","from_field_1":"","from_field_2":"","custom_values":"","multiple":false},"read_user":{"from":"custom_values","from_table":"","from_value":"","from_field_1":"","from_field_2":"","custom_values":{"Yes":2,"Restricted":1,"No":0},"multiple":false},"update_user":{"from":"custom_values","from_table":"","from_value":"","from_field_1":"","from_field_2":"","custom_values":{"Yes":2,"Restricted":1,"No":0},"multiple":false},"create_delete_user":{"from":"custom_values","from_table":"","from_value":"","from_field_1":"","from_field_2":"","custom_values":{"Yes":2,"Restricted":1,"No":0},"multiple":false},"constraint_query_user":{"from":"","from_table":"","from_value":"","from_field_1":"","from_field_2":"","custom_values":"","multiple":false},"read_phpcg_users":{"from":"custom_values","from_table":"","from_value":"","from_field_1":"","from_field_2":"","custom_values":{"Yes":2,"Restricted":1,"No":0},"multiple":false},"update_phpcg_users":{"from":"custom_values","from_table":"","from_value":"","from_field_1":"","from_field_2":"","custom_values":{"Yes":2,"Restricted":1,"No":0},"multiple":false},"create_delete_phpcg_users":{"from":"custom_values","from_table":"","from_value":"","from_field_1":"","from_field_2":"","custom_values":{"Yes":2,"No":0},"multiple":false},"constraint_query_phpcg_users":{"from":"","from_table":"","from_value":"","from_field_1":"","from_field_2":"","custom_values":"","multiple":false},"read_phpcg_users_profiles":{"from":"custom_values","from_table":"","from_value":"","from_field_1":"","from_field_2":"","custom_values":{"Yes":2,"Restricted":1,"No":0},"multiple":false},"update_phpcg_users_profiles":{"from":"custom_values","from_table":"","from_value":"","from_field_1":"","from_field_2":"","custom_values":{"Yes":2,"Restricted":1,"No":0},"multiple":false},"create_delete_phpcg_users_profiles":{"from":"custom_values","from_table":"","from_value":"","from_field_1":"","from_field_2":"","custom_values":{"Yes":2,"Restricted":1,"No":0},"multiple":false},"constraint_query_phpcg_users_profiles":{"from":"","from_table":"","from_value":"","from_field_1":"","from_field_2":"","custom_values":"","multiple":false}}