{"id":{"from":"","from_table":"","from_value":"","from_field_1":"","from_field_2":"","custom_values":"","multiple":false},"username":{"from":"","from_table":"","from_value":"","from_field_1":"","from_field_2":"","custom_values":"","multiple":false},"password":{"from":"","from_table":"","from_value":"","from_field_1":"","from_field_2":"","custom_values":"","multiple":false},"credit":{"from":"","from_table":"","from_value":"","from_field_1":"","from_field_2":"","custom_values":"","multiple":false}}